-- phpMyAdmin SQL Dump
-- version 5.2.1
-- https://www.phpmyadmin.net/
--
-- Servidor: 127.0.0.1
-- Tiempo de generación: 15-02-2024 a las 23:00:01
-- Versión del servidor: 10.4.32-MariaDB
-- Versión de PHP: 8.2.12

SET SQL_MODE = "NO_AUTO_VALUE_ON_ZERO";
START TRANSACTION;
SET time_zone = "+00:00";


/*!40101 SET @OLD_CHARACTER_SET_CLIENT=@@CHARACTER_SET_CLIENT */;
/*!40101 SET @OLD_CHARACTER_SET_RESULTS=@@CHARACTER_SET_RESULTS */;
/*!40101 SET @OLD_COLLATION_CONNECTION=@@COLLATION_CONNECTION */;
/*!40101 SET NAMES utf8mb4 */;

--
-- Base de datos: `floreriaparatodaocasionbd`
--

-- --------------------------------------------------------

--
-- Estructura de tabla para la tabla `catalogo`
--

CREATE TABLE `catalogo` (
  `idArreglo` int(11) NOT NULL,
  `nombreArreglo` varchar(50) NOT NULL,
  `tiempoElaboracion` time NOT NULL,
  `costoArreglo` double(5,2) NOT NULL,
  `comision` double(5,2) NOT NULL
) ENGINE=InnoDB DEFAULT CHARSET=utf8mb4 COLLATE=utf8mb4_general_ci;

--
-- Volcado de datos para la tabla `catalogo`
--

INSERT INTO `catalogo` (`idArreglo`, `nombreArreglo`, `tiempoElaboracion`, `costoArreglo`, `comision`) VALUES
(1, 'Rosas', '00:30:00', 150.00, 7.50),
(2, 'Tulipanes', '00:40:00', 200.00, 10.00),
(3, 'Lilas', '00:40:00', 350.00, 17.50),
(4, 'Margaritas', '00:25:00', 125.00, 6.25);

-- --------------------------------------------------------

--
-- Estructura de tabla para la tabla `empleados`
--

CREATE TABLE `empleados` (
  `idEmpleado` int(11) NOT NULL,
  `nombreEmp` varchar(50) NOT NULL,
  `apellidoPaterno` varchar(50) NOT NULL,
  `apellidoMaterno` varchar(50) NOT NULL,
  `puntoDeVenta` varchar(50) NOT NULL,
  `user` varchar(50) NOT NULL,
  `password` varchar(150) NOT NULL,
  `idPuesto` int(11) NOT NULL
) ENGINE=InnoDB DEFAULT CHARSET=utf8mb4 COLLATE=utf8mb4_general_ci;

--
-- Volcado de datos para la tabla `empleados`
--

INSERT INTO `empleados` (`idEmpleado`, `nombreEmp`, `apellidoPaterno`, `apellidoMaterno`, `puntoDeVenta`, `user`, `password`, `idPuesto`) VALUES
(0, 'Zack', 'Sirrush', 'GG', 'Global', 'Administrador', 'd033e22ae348aeb5660fc2140aec35850c4da997', 1),
(1, 'Miguel', 'Tovar', 'Alba', 'Punto de venta 1', 'SupervisorPV1', '75d4c9b02467d96bc2ea6d655eb983d5a7a97a9b', 3),
(2, 'Jose Manuel', 'Rico', 'Sanchez', 'Punto de venta 2', 'SupervisorPV2', '7110eda4d09e062aa5e4a390b0a572ac0d2c0220', 3),
(3, 'Fernando', 'Martinez', 'Nava', 'Punto de venta 3', 'SupervisorPV3', '75d4c9b02467d96bc2ea6d655eb983d5a7a97a9b', 3),
(4, 'Sebastián', 'González', 'Sánchez', 'Punto de venta 1', 'Disenador1', '7110eda4d09e062aa5e4a390b0a572ac0d2c0220', 2),
(5, 'Victoria', 'Lozano', 'Maciel', 'Punto de venta 2', 'Disenador2', '7110eda4d09e062aa5e4a390b0a572ac0d2c0220', 2),
(6, 'Mariano', 'Mendez', 'Hernandez', 'Punto de venta 3', 'Disenador3', '75d4c9b02467d96bc2ea6d655eb983d5a7a97a9b', 2);

-- --------------------------------------------------------

--
-- Estructura de tabla para la tabla `pedidos`
--

CREATE TABLE `pedidos` (
  `idPedido` int(11) NOT NULL,
  `idArreglo` int(11) NOT NULL,
  `estatus` varchar(50) NOT NULL,
  `fechahoraregistro` timestamp NOT NULL DEFAULT current_timestamp() ON UPDATE current_timestamp(),
  `aceptado` tinyint(4) NOT NULL,
  `idEmp` int(11) NOT NULL,
  `fechaAcept` date DEFAULT NULL,
  `horainicial` time DEFAULT NULL,
  `horafin` time DEFAULT NULL,
  `tiempotranscurr` time DEFAULT NULL
) ENGINE=InnoDB DEFAULT CHARSET=utf8mb4 COLLATE=utf8mb4_general_ci;

--
-- Volcado de datos para la tabla `pedidos`
--

INSERT INTO `pedidos` (`idPedido`, `idArreglo`, `estatus`, `fechahoraregistro`, `aceptado`, `idEmp`, `fechaAcept`, `horainicial`, `horafin`, `tiempotranscurr`) VALUES
(1, 1, 'Autorizado', '2021-06-02 21:38:58', 1, 4, '2021-06-02', '16:35:53', '16:37:06', '00:01:12'),
(2, 1, 'Terminado', '2021-06-02 21:39:34', 1, 5, '2021-06-02', '16:37:30', '16:39:34', '00:03:15'),
(3, 2, 'Terminado', '2021-06-02 21:41:15', 1, 6, '2021-06-02', '16:39:50', '16:41:15', '00:04:39'),
(4, 3, 'Autorizado', '2021-06-07 20:47:14', 1, 4, '2021-06-02', '16:41:33', '16:41:56', '00:05:02'),
(5, 4, 'Terminado', '2021-06-07 20:46:23', 1, 5, '2021-06-07', '15:46:05', '15:46:23', '00:00:17'),
(6, 4, 'En elaboracion', '2024-02-15 21:19:07', 1, 6, '2024-02-15', '15:18:00', '15:18:33', '00:00:42');

-- --------------------------------------------------------

--
-- Estructura de tabla para la tabla `reportes`
--

CREATE TABLE `reportes` (
  `idReporte` int(11) NOT NULL,
  `archivo` blob NOT NULL
) ENGINE=InnoDB DEFAULT CHARSET=utf8mb4 COLLATE=utf8mb4_general_ci;

--
-- Volcado de datos para la tabla `reportes`
--

INSERT INTO `reportes` (`idReporte`, `archivo`) VALUES
(3, 0x3c3f786d6c2076657273696f6e3d22312e302220656e636f64696e673d225554462d38223f3e0a3c6a61737065725265706f727420786d6c6e733d22687474703a2f2f6a61737065727265706f7274732e736f75726365666f7267652e6e65742f6a61737065727265706f7274732220786d6c6e733a7873693d22687474703a2f2f7777772e77332e6f72672f323030312f584d4c536368656d612d696e7374616e636522207873693a736368656d614c6f636174696f6e3d22687474703a2f2f6a61737065727265706f7274732e736f75726365666f7267652e6e65742f6a61737065727265706f72747320687474703a2f2f6a61737065727265706f7274732e736f75726365666f7267652e6e65742f7873642f6a61737065727265706f72742e78736422206e616d653d227265706f7274206e616d6522207061676557696474683d223539352220706167654865696768743d223834322220636f6c756d6e57696474683d2235333522206c6566744d617267696e3d223230222072696768744d617267696e3d2232302220746f704d617267696e3d2232302220626f74746f6d4d617267696e3d2232302220757569643d2231376230333562332d613066312d346432382d626130362d623838353337643333643032223e0a093c70726f7065727479206e616d653d22697265706f72742e7a6f6f6d222076616c75653d22312e30222f3e0a093c70726f7065727479206e616d653d22697265706f72742e78222076616c75653d2230222f3e0a093c70726f7065727479206e616d653d22697265706f72742e79222076616c75653d2230222f3e0a093c7175657279537472696e673e0a09093c215b43444154415b53454c4543542070656469646f732e6964456d702c434f554e542870656469646f732e6964456d70292041532070656469646f7265616c697a2c70656469646f732e666563686141636570742c5345435f544f5f54494d452853554d2854494d455f544f5f534543287469656d706f7472616e7363757272292929204153207469656d706f646574726162616a6f2c53554d28636174616c6f676f2e636f6d6973696f6e2920415320636f6d6973696f6e657367616e616461732c53554d28636174616c6f676f2e636f73746f41727265676c6f292a302e303120415320626f6e6f70726f6475632c53554d28636174616c6f676f2e636f6d6973696f6e292b53554d28636174616c6f676f2e636f73746f41727265676c6f292a302e30312041532067616e616e636961746f74616c2046524f4d2070656469646f7320494e4e4552204a4f494e20636174616c6f676f204f4e20636174616c6f676f2e696441727265676c6f3d70656469646f732e696441727265676c6f2047524f5550204259206964456d702c666563686141636570745d5d3e0a093c2f7175657279537472696e673e0a093c6669656c64206e616d653d226964456d702220636c6173733d226a6176612e6c616e672e496e7465676572223e0a09093c6669656c644465736372697074696f6e3e3c215b43444154415b5d5d3e3c2f6669656c644465736372697074696f6e3e0a093c2f6669656c643e0a093c6669656c64206e616d653d2270656469646f7265616c697a2220636c6173733d226a6176612e6c616e672e4c6f6e67222f3e0a093c6669656c64206e616d653d22666563686141636570742220636c6173733d226a6176612e73716c2e44617465223e0a09093c6669656c644465736372697074696f6e3e3c215b43444154415b5d5d3e3c2f6669656c644465736372697074696f6e3e0a093c2f6669656c643e0a093c6669656c64206e616d653d227469656d706f646574726162616a6f2220636c6173733d226a6176612e73716c2e54696d65222f3e0a093c6669656c64206e616d653d22636f6d6973696f6e657367616e616461732220636c6173733d226a6176612e6c616e672e446f75626c65222f3e0a093c6669656c64206e616d653d22626f6e6f70726f6475632220636c6173733d226a6176612e6c616e672e446f75626c65222f3e0a093c6669656c64206e616d653d2267616e616e636961746f74616c2220636c6173733d226a6176612e6c616e672e446f75626c65222f3e0a093c6261636b67726f756e643e0a09093c62616e642073706c6974547970653d2253747265746368222f3e0a093c2f6261636b67726f756e643e0a093c7469746c653e0a09093c62616e64206865696768743d223739222073706c6974547970653d2253747265746368223e0a0909093c737461746963546578743e0a090909093c7265706f7274456c656d656e7420783d22302220793d2230222077696474683d2235353522206865696768743d2237392220757569643d2263636164353139652d353763662d343531392d396366652d326538363965313365336165222f3e0a090909093c74657874456c656d656e742074657874416c69676e6d656e743d2243656e7465722220766572746963616c416c69676e6d656e743d224d6964646c65223e0a09090909093c666f6e742073697a653d22333622206973426f6c643d2274727565222f3e0a090909093c2f74657874456c656d656e743e0a090909093c746578743e3c215b43444154415b5265706f727465206465206ec3b36d696e612064697365c3b161646f7265735d5d3e3c2f746578743e0a0909093c2f737461746963546578743e0a09093c2f62616e643e0a093c2f7469746c653e0a093c706167654865616465723e0a09093c62616e64206865696768743d223335222073706c6974547970653d2253747265746368222f3e0a093c2f706167654865616465723e0a093c636f6c756d6e4865616465723e0a09093c62616e64206865696768743d223631222073706c6974547970653d2253747265746368223e0a0909093c737461746963546578743e0a090909093c7265706f7274456c656d656e7420783d223439322220793d2230222077696474683d22363322206865696768743d2236312220757569643d2235306366353363362d633934332d343031342d383230342d316535616162323537656465222f3e0a090909093c74657874456c656d656e742074657874416c69676e6d656e743d2243656e7465722220766572746963616c416c69676e6d656e743d224d6964646c65223e0a09090909093c666f6e742073697a653d22313222206973426f6c643d2274727565222f3e0a090909093c2f74657874456c656d656e743e0a090909093c746578743e3c215b43444154415b47616e616e63696120546f74616c5d5d3e3c2f746578743e0a0909093c2f737461746963546578743e0a0909093c737461746963546578743e0a090909093c7265706f7274456c656d656e7420783d223431352220793d2230222077696474683d22373922206865696768743d2236312220757569643d2233333237653364612d316538302d346439642d393163342d366434313531306433663634222f3e0a090909093c74657874456c656d656e742074657874416c69676e6d656e743d2243656e7465722220766572746963616c416c69676e6d656e743d22426f74746f6d223e0a09090909093c666f6e742073697a653d22313222206973426f6c643d2274727565222f3e0a090909093c2f74657874456c656d656e743e0a090909093c746578743e3c215b43444154415b426f6e6f2064652070726f647563746976696461645d5d3e3c2f746578743e0a0909093c2f737461746963546578743e0a0909093c737461746963546578743e0a090909093c7265706f7274456c656d656e7420783d223235372220793d2230222077696474683d22383722206865696768743d2236312220757569643d2261396439363330642d333164612d346134332d383937312d383762656330643431373461222f3e0a090909093c74657874456c656d656e742074657874416c69676e6d656e743d2243656e7465722220766572746963616c416c69676e6d656e743d224d6964646c65223e0a09090909093c666f6e742073697a653d22313222206973426f6c643d2274727565222f3e0a090909093c2f74657874456c656d656e743e0a090909093c746578743e3c215b43444154415b5469656d706f2074726162616a61646f5d5d3e3c2f746578743e0a0909093c2f737461746963546578743e0a0909093c737461746963546578743e0a090909093c7265706f7274456c656d656e7420783d223135342220793d2230222077696474683d2231303322206865696768743d2236312220757569643d2262376133393464312d616333632d346331622d626136302d353766656365353165613563222f3e0a090909093c74657874456c656d656e742074657874416c69676e6d656e743d2243656e7465722220766572746963616c416c69676e6d656e743d224d6964646c65223e0a09090909093c666f6e742073697a653d22313222206973426f6c643d2274727565222f3e0a090909093c2f74657874456c656d656e743e0a090909093c746578743e3c215b43444154415b4665636861206465206163657074616369c3b36e5d5d3e3c2f746578743e0a0909093c2f737461746963546578743e0a0909093c737461746963546578743e0a090909093c7265706f7274456c656d656e7420783d2236312220793d2230222077696474683d22393322206865696768743d2236312220757569643d2238613063316536362d393339622d343231322d613933362d623533643666633838383833222f3e0a090909093c74657874456c656d656e742074657874416c69676e6d656e743d2243656e7465722220766572746963616c416c69676e6d656e743d224d6964646c65223e0a09090909093c666f6e742073697a653d22313222206973426f6c643d2274727565222f3e0a090909093c2f74657874456c656d656e743e0a090909093c746578743e3c215b43444154415b54726162616a6f73207265616c697a61646f735d5d3e3c2f746578743e0a0909093c2f737461746963546578743e0a0909093c737461746963546578743e0a090909093c7265706f7274456c656d656e7420783d223334342220793d2230222077696474683d22373122206865696768743d2236312220757569643d2234646261323534322d383838312d346563612d383932342d616632653332396232316337222f3e0a090909093c74657874456c656d656e742074657874416c69676e6d656e743d2243656e7465722220766572746963616c416c69676e6d656e743d224d6964646c65223e0a09090909093c666f6e742073697a653d22313222206973426f6c643d2274727565222f3e0a090909093c2f74657874456c656d656e743e0a090909093c746578743e3c215b43444154415b436f6d6973696f6e65732067616e616461735d5d3e3c2f746578743e0a0909093c2f737461746963546578743e0a0909093c737461746963546578743e0a090909093c7265706f7274456c656d656e7420783d22302220793d2230222077696474683d22363122206865696768743d2236312220757569643d2232613436343234622d636134642d346262332d393035302d663863383136303739346163222f3e0a090909093c74657874456c656d656e742074657874416c69676e6d656e743d2243656e7465722220766572746963616c416c69676e6d656e743d224d6964646c65223e0a09090909093c666f6e742073697a653d22313222206973426f6c643d2274727565222f3e0a090909093c2f74657874456c656d656e743e0a090909093c746578743e3c215b43444154415b49442044697365c3b161646f725d5d3e3c2f746578743e0a0909093c2f737461746963546578743e0a0909093c737461746963546578743e0a090909093c7265706f7274456c656d656e7420783d223238352220793d2232222077696474683d2231303022206865696768743d2232302220757569643d2235373635353431312d323563392d343866362d616238612d323438303132306264326232222f3e0a090909093c746578743e3c215b43444154415b7469656d706f646574726162616a6f5d5d3e3c2f746578743e0a0909093c2f737461746963546578743e0a0909093c737461746963546578743e0a090909093c7265706f7274456c656d656e7420783d223332342220793d2232222077696474683d2231303022206865696768743d2232302220757569643d2236313039396566322d363238382d343764362d626363312d663830343666633563363265222f3e0a090909093c746578743e3c215b43444154415b7469656d706f646574726162616a6f5d5d3e3c2f746578743e0a0909093c2f737461746963546578743e0a09093c2f62616e643e0a093c2f636f6c756d6e4865616465723e0a093c64657461696c3e0a09093c62616e64206865696768743d22313235222073706c6974547970653d2253747265746368223e0a0909093c746578744669656c643e0a090909093c7265706f7274456c656d656e7420783d223431352220793d2230222077696474683d22373722206865696768743d2232302220757569643d2234306231376433312d626266352d343937372d383537662d623066343665383135346632222f3e0a090909093c74657874456c656d656e742074657874416c69676e6d656e743d2243656e7465722220766572746963616c416c69676e6d656e743d224d6964646c65222f3e0a090909093c746578744669656c6445787072657373696f6e3e3c215b43444154415b24467b626f6e6f70726f6475637d5d5d3e3c2f746578744669656c6445787072657373696f6e3e0a0909093c2f746578744669656c643e0a0909093c746578744669656c643e0a090909093c7265706f7274456c656d656e7420783d223439342220793d2230222077696474683d22363322206865696768743d2232302220757569643d2231363735333730362d383936312d343566392d393462612d373133316335363736386133222f3e0a090909093c74657874456c656d656e742074657874416c69676e6d656e743d2243656e7465722220766572746963616c416c69676e6d656e743d224d6964646c65222f3e0a090909093c746578744669656c6445787072657373696f6e3e3c215b43444154415b24467b67616e616e636961746f74616c7d5d5d3e3c2f746578744669656c6445787072657373696f6e3e0a0909093c2f746578744669656c643e0a0909093c746578744669656c643e0a090909093c7265706f7274456c656d656e7420783d223334342220793d2230222077696474683d22373122206865696768743d2232302220757569643d2264623133386364332d366532322d343836382d616665652d663861393164363066343535222f3e0a090909093c74657874456c656d656e742074657874416c69676e6d656e743d2243656e7465722220766572746963616c416c69676e6d656e743d224d6964646c65222f3e0a090909093c746578744669656c6445787072657373696f6e3e3c215b43444154415b24467b636f6d6973696f6e657367616e616461737d5d5d3e3c2f746578744669656c6445787072657373696f6e3e0a0909093c2f746578744669656c643e0a0909093c746578744669656c643e0a090909093c7265706f7274456c656d656e7420783d223135342220793d2230222077696474683d2231303322206865696768743d2232302220757569643d2237396661313434352d323762382d343365302d383830652d303531376234663636353066222f3e0a090909093c74657874456c656d656e742074657874416c69676e6d656e743d2243656e7465722220766572746963616c416c69676e6d656e743d224d6964646c65222f3e0a090909093c746578744669656c6445787072657373696f6e3e3c215b43444154415b24467b666563686141636570747d5d5d3e3c2f746578744669656c6445787072657373696f6e3e0a0909093c2f746578744669656c643e0a0909093c746578744669656c643e0a090909093c7265706f7274456c656d656e7420783d2236312220793d2230222077696474683d22393322206865696768743d2232302220757569643d2236353736343831652d643336622d346333372d623466622d346633373536396562623561222f3e0a090909093c74657874456c656d656e742074657874416c69676e6d656e743d2243656e7465722220766572746963616c416c69676e6d656e743d224d6964646c65222f3e0a090909093c746578744669656c6445787072657373696f6e3e3c215b43444154415b24467b70656469646f7265616c697a7d5d5d3e3c2f746578744669656c6445787072657373696f6e3e0a0909093c2f746578744669656c643e0a0909093c746578744669656c643e0a090909093c7265706f7274456c656d656e7420783d22302220793d2230222077696474683d22363122206865696768743d2232302220757569643d2231383834376162332d633865662d343237352d393762332d656636336633323132663431222f3e0a090909093c74657874456c656d656e742074657874416c69676e6d656e743d2243656e7465722220766572746963616c416c69676e6d656e743d224d6964646c65222f3e0a090909093c746578744669656c6445787072657373696f6e3e3c215b43444154415b24467b6964456d707d5d5d3e3c2f746578744669656c6445787072657373696f6e3e0a0909093c2f746578744669656c643e0a0909093c746578744669656c643e0a090909093c7265706f7274456c656d656e7420783d223235372220793d2230222077696474683d22323822206865696768743d2232302220757569643d2234613936636438362d633363342d346564342d386430372d316463383263646630386431222f3e0a090909093c74657874456c656d656e742074657874416c69676e6d656e743d2243656e7465722220766572746963616c416c69676e6d656e743d224d6964646c65222f3e0a090909093c746578744669656c6445787072657373696f6e3e3c215b43444154415b24467b7469656d706f646574726162616a6f7d2e676574486f75727328295d5d3e3c2f746578744669656c6445787072657373696f6e3e0a0909093c2f746578744669656c643e0a0909093c746578744669656c643e0a090909093c7265706f7274456c656d656e7420783d223238352220793d2230222077696474683d22323922206865696768743d2232302220757569643d2235666365303739622d663938622d343765662d383262642d623138303032303532656630222f3e0a090909093c74657874456c656d656e742074657874416c69676e6d656e743d2243656e7465722220766572746963616c416c69676e6d656e743d224d6964646c65222f3e0a090909093c746578744669656c6445787072657373696f6e3e3c215b43444154415b24467b7469656d706f646574726162616a6f7d2e6765744d696e7574657328295d5d3e3c2f746578744669656c6445787072657373696f6e3e0a0909093c2f746578744669656c643e0a0909093c746578744669656c643e0a090909093c7265706f7274456c656d656e7420783d223331342220793d2230222077696474683d22333022206865696768743d2232302220757569643d2261343863326530652d376338642d343864342d393266312d383030353130396131653162222f3e0a090909093c74657874456c656d656e742074657874416c69676e6d656e743d2243656e7465722220766572746963616c416c69676e6d656e743d224d6964646c65222f3e0a090909093c746578744669656c6445787072657373696f6e3e3c215b43444154415b24467b7469656d706f646574726162616a6f7d2e6765745365636f6e647328295d5d3e3c2f746578744669656c6445787072657373696f6e3e0a0909093c2f746578744669656c643e0a09093c2f62616e643e0a093c2f64657461696c3e0a093c636f6c756d6e466f6f7465723e0a09093c62616e64206865696768743d223435222073706c6974547970653d2253747265746368222f3e0a093c2f636f6c756d6e466f6f7465723e0a093c70616765466f6f7465723e0a09093c62616e64206865696768743d223534222073706c6974547970653d2253747265746368222f3e0a093c2f70616765466f6f7465723e0a093c73756d6d6172793e0a09093c62616e64206865696768743d223432222073706c6974547970653d2253747265746368223e0a0909093c746578744669656c643e0a090909093c7265706f7274456c656d656e7420783d223433352220793d223232222077696474683d22383022206865696768743d2232302220757569643d2236366634376666612d613166312d343136612d386665372d363564656134363364363461222f3e0a090909093c74657874456c656d656e742074657874416c69676e6d656e743d225269676874222f3e0a090909093c746578744669656c6445787072657373696f6e3e3c215b43444154415b225061676520222b24567b504147455f4e554d4245527d2b22206f66225d5d3e3c2f746578744669656c6445787072657373696f6e3e0a0909093c2f746578744669656c643e0a0909093c746578744669656c64206576616c756174696f6e54696d653d225265706f7274223e0a090909093c7265706f7274456c656d656e7420783d223531352220793d223232222077696474683d22343022206865696768743d2232302220757569643d2239666231356337652d356261642d346632382d393063352d393439383934333162313939222f3e0a090909093c746578744669656c6445787072657373696f6e3e3c215b43444154415b222022202b2024567b504147455f4e554d4245527d5d5d3e3c2f746578744669656c6445787072657373696f6e3e0a0909093c2f746578744669656c643e0a09093c2f62616e643e0a093c2f73756d6d6172793e0a3c2f6a61737065725265706f72743e0a),
(4, 0x3c3f786d6c2076657273696f6e3d22312e302220656e636f64696e673d225554462d38223f3e0a3c6a61737065725265706f727420786d6c6e733d22687474703a2f2f6a61737065727265706f7274732e736f75726365666f7267652e6e65742f6a61737065727265706f7274732220786d6c6e733a7873693d22687474703a2f2f7777772e77332e6f72672f323030312f584d4c536368656d612d696e7374616e636522207873693a736368656d614c6f636174696f6e3d22687474703a2f2f6a61737065727265706f7274732e736f75726365666f7267652e6e65742f6a61737065727265706f72747320687474703a2f2f6a61737065727265706f7274732e736f75726365666f7267652e6e65742f7873642f6a61737065727265706f72742e78736422206e616d653d227265706f7274206e616d6522207061676557696474683d223539352220706167654865696768743d223834322220636f6c756d6e57696474683d2235333522206c6566744d617267696e3d223230222072696768744d617267696e3d2232302220746f704d617267696e3d2232302220626f74746f6d4d617267696e3d2232302220757569643d2231376230333562332d613066312d346432382d626130362d623838353337643333643032223e0a093c70726f7065727479206e616d653d22697265706f72742e7a6f6f6d222076616c75653d22312e34363431303030303030303030303036222f3e0a093c70726f7065727479206e616d653d22697265706f72742e78222076616c75653d2230222f3e0a093c70726f7065727479206e616d653d22697265706f72742e79222076616c75653d2230222f3e0a093c706172616d65746572206e616d653d226964456d702220636c6173733d226a6176612e6c616e672e537472696e67223e0a09093c64656661756c7456616c756545787072657373696f6e3e3c215b43444154415b5d5d3e3c2f64656661756c7456616c756545787072657373696f6e3e0a093c2f706172616d657465723e0a093c706172616d65746572206e616d653d22666563686141636570742220636c6173733d226a6176612e6c616e672e537472696e67223e0a09093c64656661756c7456616c756545787072657373696f6e3e3c215b43444154415b5d5d3e3c2f64656661756c7456616c756545787072657373696f6e3e0a093c2f706172616d657465723e0a093c7175657279537472696e673e0a09093c215b43444154415b53454c4543542070656469646f732e6964456d702c434f554e542870656469646f732e6964456d70292041532070656469646f7265616c697a2c70656469646f732e666563686141636570742c5345435f544f5f54494d452853554d2854494d455f544f5f534543287469656d706f7472616e7363757272292929204153207469656d706f646574726162616a6f2c53554d28636174616c6f676f2e636f6d6973696f6e2920415320636f6d6973696f6e657367616e616461732c53554d28636174616c6f676f2e636f73746f41727265676c6f292a302e303120415320626f6e6f70726f6475632c53554d28636174616c6f676f2e636f6d6973696f6e292b53554d28636174616c6f676f2e636f73746f41727265676c6f292a302e30312041532067616e616e636961746f74616c2046524f4d2070656469646f7320494e4e4552204a4f494e20636174616c6f676f204f4e20636174616c6f676f2e696441727265676c6f3d70656469646f732e696441727265676c6f2057484552452070656469646f732e6964456d703d24507b6964456d707d2047524f5550204259206964456d702c666563686141636570745d5d3e0a093c2f7175657279537472696e673e0a093c6669656c64206e616d653d226964456d702220636c6173733d226a6176612e6c616e672e496e7465676572223e0a09093c6669656c644465736372697074696f6e3e3c215b43444154415b5d5d3e3c2f6669656c644465736372697074696f6e3e0a093c2f6669656c643e0a093c6669656c64206e616d653d2270656469646f7265616c697a2220636c6173733d226a6176612e6c616e672e4c6f6e67222f3e0a093c6669656c64206e616d653d22666563686141636570742220636c6173733d226a6176612e73716c2e44617465223e0a09093c6669656c644465736372697074696f6e3e3c215b43444154415b5d5d3e3c2f6669656c644465736372697074696f6e3e0a093c2f6669656c643e0a093c6669656c64206e616d653d227469656d706f646574726162616a6f2220636c6173733d226a6176612e73716c2e54696d65222f3e0a093c6669656c64206e616d653d22636f6d6973696f6e657367616e616461732220636c6173733d226a6176612e6c616e672e446f75626c65222f3e0a093c6669656c64206e616d653d22626f6e6f70726f6475632220636c6173733d226a6176612e6c616e672e446f75626c65222f3e0a093c6669656c64206e616d653d2267616e616e636961746f74616c2220636c6173733d226a6176612e6c616e672e446f75626c65222f3e0a093c6261636b67726f756e643e0a09093c62616e642073706c6974547970653d2253747265746368222f3e0a093c2f6261636b67726f756e643e0a093c7469746c653e0a09093c62616e64206865696768743d223739222073706c6974547970653d2253747265746368223e0a0909093c737461746963546578743e0a090909093c7265706f7274456c656d656e7420783d22302220793d2230222077696474683d2235353522206865696768743d2237392220757569643d2263636164353139652d353763662d343531392d396366652d326538363965313365336165222f3e0a090909093c74657874456c656d656e742074657874416c69676e6d656e743d2243656e7465722220766572746963616c416c69676e6d656e743d224d6964646c65223e0a09090909093c666f6e742073697a653d22333622206973426f6c643d2274727565222f3e0a090909093c2f74657874456c656d656e743e0a090909093c746578743e3c215b43444154415b5265706f727465206465206ec3b36d696e612064697365c3b161646f7265735d5d3e3c2f746578743e0a0909093c2f737461746963546578743e0a09093c2f62616e643e0a093c2f7469746c653e0a093c706167654865616465723e0a09093c62616e64206865696768743d223335222073706c6974547970653d2253747265746368222f3e0a093c2f706167654865616465723e0a093c636f6c756d6e4865616465723e0a09093c62616e64206865696768743d223631222073706c6974547970653d2253747265746368223e0a0909093c737461746963546578743e0a090909093c7265706f7274456c656d656e7420783d223439322220793d2230222077696474683d22363322206865696768743d2236312220757569643d2235306366353363362d633934332d343031342d383230342d316535616162323537656465222f3e0a090909093c74657874456c656d656e742074657874416c69676e6d656e743d2243656e7465722220766572746963616c416c69676e6d656e743d224d6964646c65223e0a09090909093c666f6e742073697a653d22313222206973426f6c643d2274727565222f3e0a090909093c2f74657874456c656d656e743e0a090909093c746578743e3c215b43444154415b47616e616e63696120546f74616c5d5d3e3c2f746578743e0a0909093c2f737461746963546578743e0a0909093c737461746963546578743e0a090909093c7265706f7274456c656d656e7420783d223431352220793d2230222077696474683d22373922206865696768743d2236312220757569643d2233333237653364612d316538302d346439642d393163342d366434313531306433663634222f3e0a090909093c74657874456c656d656e742074657874416c69676e6d656e743d2243656e7465722220766572746963616c416c69676e6d656e743d22426f74746f6d223e0a09090909093c666f6e742073697a653d22313222206973426f6c643d2274727565222f3e0a090909093c2f74657874456c656d656e743e0a090909093c746578743e3c215b43444154415b426f6e6f2064652070726f647563746976696461645d5d3e3c2f746578743e0a0909093c2f737461746963546578743e0a0909093c737461746963546578743e0a090909093c7265706f7274456c656d656e7420783d223235372220793d2230222077696474683d22383722206865696768743d2233352220757569643d2261396439363330642d333164612d346134332d383937312d383762656330643431373461222f3e0a090909093c74657874456c656d656e742074657874416c69676e6d656e743d2243656e7465722220766572746963616c416c69676e6d656e743d224d6964646c65223e0a09090909093c666f6e742073697a653d22313222206973426f6c643d2274727565222f3e0a090909093c2f74657874456c656d656e743e0a090909093c746578743e3c215b43444154415b5469656d706f2074726162616a61646f5d5d3e3c2f746578743e0a0909093c2f737461746963546578743e0a0909093c737461746963546578743e0a090909093c7265706f7274456c656d656e7420783d223135342220793d2230222077696474683d2231303322206865696768743d2236312220757569643d2262376133393464312d616333632d346331622d626136302d353766656365353165613563222f3e0a090909093c74657874456c656d656e742074657874416c69676e6d656e743d2243656e7465722220766572746963616c416c69676e6d656e743d224d6964646c65223e0a09090909093c666f6e742073697a653d22313222206973426f6c643d2274727565222f3e0a090909093c2f74657874456c656d656e743e0a090909093c746578743e3c215b43444154415b4665636861206465206163657074616369c3b36e5d5d3e3c2f746578743e0a0909093c2f737461746963546578743e0a0909093c737461746963546578743e0a090909093c7265706f7274456c656d656e7420783d2236312220793d2230222077696474683d22393322206865696768743d2236312220757569643d2238613063316536362d393339622d343231322d613933362d623533643666633838383833222f3e0a090909093c74657874456c656d656e742074657874416c69676e6d656e743d2243656e7465722220766572746963616c416c69676e6d656e743d224d6964646c65223e0a09090909093c666f6e742073697a653d22313222206973426f6c643d2274727565222f3e0a090909093c2f74657874456c656d656e743e0a090909093c746578743e3c215b43444154415b54726162616a6f73207265616c697a61646f735d5d3e3c2f746578743e0a0909093c2f737461746963546578743e0a0909093c737461746963546578743e0a090909093c7265706f7274456c656d656e7420783d223334342220793d2230222077696474683d22373122206865696768743d2236312220757569643d2234646261323534322d383838312d346563612d383932342d616632653332396232316337222f3e0a090909093c74657874456c656d656e742074657874416c69676e6d656e743d2243656e7465722220766572746963616c416c69676e6d656e743d224d6964646c65223e0a09090909093c666f6e742073697a653d22313222206973426f6c643d2274727565222f3e0a090909093c2f74657874456c656d656e743e0a090909093c746578743e3c215b43444154415b436f6d6973696f6e65732067616e616461735d5d3e3c2f746578743e0a0909093c2f737461746963546578743e0a0909093c737461746963546578743e0a090909093c7265706f7274456c656d656e7420783d22302220793d2230222077696474683d22363122206865696768743d2236312220757569643d2232613436343234622d636134642d346262332d393035302d663863383136303739346163222f3e0a090909093c74657874456c656d656e742074657874416c69676e6d656e743d2243656e7465722220766572746963616c416c69676e6d656e743d224d6964646c65223e0a09090909093c666f6e742073697a653d22313222206973426f6c643d2274727565222f3e0a090909093c2f74657874456c656d656e743e0a090909093c746578743e3c215b43444154415b49442044697365c3b161646f725d5d3e3c2f746578743e0a0909093c2f737461746963546578743e0a0909093c737461746963546578743e0a090909093c7265706f7274456c656d656e7420783d223235372220793d223335222077696474683d22323822206865696768743d2232362220757569643d2237386266656162392d353766382d343339392d613065392d646231393935313733613235222f3e0a090909093c74657874456c656d656e742074657874416c69676e6d656e743d2243656e7465722220766572746963616c416c69676e6d656e743d224d6964646c65223e0a09090909093c666f6e74206973426f6c643d2274727565222f3e0a090909093c2f74657874456c656d656e743e0a090909093c746578743e3c215b43444154415b4872735d5d3e3c2f746578743e0a0909093c2f737461746963546578743e0a0909093c737461746963546578743e0a090909093c7265706f7274456c656d656e7420783d223238352220793d223335222077696474683d22323922206865696768743d2232362220757569643d2235373635353431312d323563392d343866362d616238612d323438303132306264326232222f3e0a090909093c74657874456c656d656e742074657874416c69676e6d656e743d2243656e7465722220766572746963616c416c69676e6d656e743d224d6964646c65223e0a09090909093c666f6e74206973426f6c643d2274727565222f3e0a090909093c2f74657874456c656d656e743e0a090909093c746578743e3c215b43444154415b4d696e735d5d3e3c2f746578743e0a0909093c2f737461746963546578743e0a0909093c737461746963546578743e0a090909093c7265706f7274456c656d656e7420783d223331342220793d223335222077696474683d22333022206865696768743d2232362220757569643d2236313039396566322d363238382d343764362d626363312d663830343666633563363265222f3e0a090909093c74657874456c656d656e742074657874416c69676e6d656e743d2243656e7465722220766572746963616c416c69676e6d656e743d224d6964646c65223e0a09090909093c666f6e74206973426f6c643d2274727565222f3e0a090909093c2f74657874456c656d656e743e0a090909093c746578743e3c215b43444154415b536567735d5d3e3c2f746578743e0a0909093c2f737461746963546578743e0a09093c2f62616e643e0a093c2f636f6c756d6e4865616465723e0a093c64657461696c3e0a09093c62616e64206865696768743d22313235222073706c6974547970653d2253747265746368223e0a0909093c746578744669656c643e0a090909093c7265706f7274456c656d656e7420783d223431352220793d2230222077696474683d22373722206865696768743d2232302220757569643d2234306231376433312d626266352d343937372d383537662d623066343665383135346632222f3e0a090909093c74657874456c656d656e742074657874416c69676e6d656e743d2243656e7465722220766572746963616c416c69676e6d656e743d224d6964646c65222f3e0a090909093c746578744669656c6445787072657373696f6e3e3c215b43444154415b24467b626f6e6f70726f6475637d5d5d3e3c2f746578744669656c6445787072657373696f6e3e0a0909093c2f746578744669656c643e0a0909093c746578744669656c643e0a090909093c7265706f7274456c656d656e7420783d223439342220793d2230222077696474683d22363322206865696768743d2232302220757569643d2231363735333730362d383936312d343566392d393462612d373133316335363736386133222f3e0a090909093c74657874456c656d656e742074657874416c69676e6d656e743d2243656e7465722220766572746963616c416c69676e6d656e743d224d6964646c65222f3e0a090909093c746578744669656c6445787072657373696f6e3e3c215b43444154415b24467b67616e616e636961746f74616c7d5d5d3e3c2f746578744669656c6445787072657373696f6e3e0a0909093c2f746578744669656c643e0a0909093c746578744669656c643e0a090909093c7265706f7274456c656d656e7420783d223334342220793d2230222077696474683d22373122206865696768743d2232302220757569643d2264623133386364332d366532322d343836382d616665652d663861393164363066343535222f3e0a090909093c74657874456c656d656e742074657874416c69676e6d656e743d2243656e7465722220766572746963616c416c69676e6d656e743d224d6964646c65222f3e0a090909093c746578744669656c6445787072657373696f6e3e3c215b43444154415b24467b636f6d6973696f6e657367616e616461737d5d5d3e3c2f746578744669656c6445787072657373696f6e3e0a0909093c2f746578744669656c643e0a0909093c746578744669656c643e0a090909093c7265706f7274456c656d656e7420783d223135342220793d2230222077696474683d2231303322206865696768743d2232302220757569643d2237396661313434352d323762382d343365302d383830652d303531376234663636353066222f3e0a090909093c74657874456c656d656e742074657874416c69676e6d656e743d2243656e7465722220766572746963616c416c69676e6d656e743d224d6964646c65222f3e0a090909093c746578744669656c6445787072657373696f6e3e3c215b43444154415b24467b666563686141636570747d2e746f537472696e6728295d5d3e3c2f746578744669656c6445787072657373696f6e3e0a0909093c2f746578744669656c643e0a0909093c746578744669656c643e0a090909093c7265706f7274456c656d656e7420783d2236312220793d2230222077696474683d22393322206865696768743d2232302220757569643d2236353736343831652d643336622d346333372d623466622d346633373536396562623561222f3e0a090909093c74657874456c656d656e742074657874416c69676e6d656e743d2243656e7465722220766572746963616c416c69676e6d656e743d224d6964646c65222f3e0a090909093c746578744669656c6445787072657373696f6e3e3c215b43444154415b24467b70656469646f7265616c697a7d5d5d3e3c2f746578744669656c6445787072657373696f6e3e0a0909093c2f746578744669656c643e0a0909093c746578744669656c643e0a090909093c7265706f7274456c656d656e7420783d22302220793d2230222077696474683d22363122206865696768743d2232302220757569643d2231383834376162332d633865662d343237352d393762332d656636336633323132663431222f3e0a090909093c74657874456c656d656e742074657874416c69676e6d656e743d2243656e7465722220766572746963616c416c69676e6d656e743d224d6964646c65222f3e0a090909093c746578744669656c6445787072657373696f6e3e3c215b43444154415b24467b6964456d707d5d5d3e3c2f746578744669656c6445787072657373696f6e3e0a0909093c2f746578744669656c643e0a0909093c746578744669656c643e0a090909093c7265706f7274456c656d656e7420783d223235372220793d2230222077696474683d22323822206865696768743d2232302220757569643d2234613936636438362d633363342d346564342d386430372d316463383263646630386431222f3e0a090909093c74657874456c656d656e742074657874416c69676e6d656e743d2243656e7465722220766572746963616c416c69676e6d656e743d224d6964646c65222f3e0a090909093c746578744669656c6445787072657373696f6e3e3c215b43444154415b24467b7469656d706f646574726162616a6f7d2e676574486f75727328295d5d3e3c2f746578744669656c6445787072657373696f6e3e0a0909093c2f746578744669656c643e0a0909093c746578744669656c643e0a090909093c7265706f7274456c656d656e7420783d223238352220793d2230222077696474683d22323922206865696768743d2232302220757569643d2235666365303739622d663938622d343765662d383262642d623138303032303532656630222f3e0a090909093c74657874456c656d656e742074657874416c69676e6d656e743d2243656e7465722220766572746963616c416c69676e6d656e743d224d6964646c65222f3e0a090909093c746578744669656c6445787072657373696f6e3e3c215b43444154415b24467b7469656d706f646574726162616a6f7d2e6765744d696e7574657328295d5d3e3c2f746578744669656c6445787072657373696f6e3e0a0909093c2f746578744669656c643e0a0909093c746578744669656c643e0a090909093c7265706f7274456c656d656e7420783d223331342220793d2230222077696474683d22333022206865696768743d2232302220757569643d2261343863326530652d376338642d343864342d393266312d383030353130396131653162222f3e0a090909093c74657874456c656d656e742074657874416c69676e6d656e743d2243656e7465722220766572746963616c416c69676e6d656e743d224d6964646c65222f3e0a090909093c746578744669656c6445787072657373696f6e3e3c215b43444154415b24467b7469656d706f646574726162616a6f7d2e6765745365636f6e647328295d5d3e3c2f746578744669656c6445787072657373696f6e3e0a0909093c2f746578744669656c643e0a09093c2f62616e643e0a093c2f64657461696c3e0a093c636f6c756d6e466f6f7465723e0a09093c62616e64206865696768743d223435222073706c6974547970653d2253747265746368222f3e0a093c2f636f6c756d6e466f6f7465723e0a093c70616765466f6f7465723e0a09093c62616e64206865696768743d223534222073706c6974547970653d2253747265746368222f3e0a093c2f70616765466f6f7465723e0a093c73756d6d6172793e0a09093c62616e64206865696768743d223432222073706c6974547970653d2253747265746368223e0a0909093c746578744669656c643e0a090909093c7265706f7274456c656d656e7420783d223433352220793d223232222077696474683d22383022206865696768743d2232302220757569643d2236366634376666612d613166312d343136612d386665372d363564656134363364363461222f3e0a090909093c74657874456c656d656e742074657874416c69676e6d656e743d225269676874222f3e0a090909093c746578744669656c6445787072657373696f6e3e3c215b43444154415b225061676520222b24567b504147455f4e554d4245527d2b22206f66225d5d3e3c2f746578744669656c6445787072657373696f6e3e0a0909093c2f746578744669656c643e0a0909093c746578744669656c64206576616c756174696f6e54696d653d225265706f7274223e0a090909093c7265706f7274456c656d656e7420783d223531352220793d223232222077696474683d22343022206865696768743d2232302220757569643d2239666231356337652d356261642d346632382d393063352d393439383934333162313939222f3e0a090909093c746578744669656c6445787072657373696f6e3e3c215b43444154415b222022202b2024567b504147455f4e554d4245527d5d5d3e3c2f746578744669656c6445787072657373696f6e3e0a0909093c2f746578744669656c643e0a09093c2f62616e643e0a093c2f73756d6d6172793e0a3c2f6a61737065725265706f72743e0a);
INSERT INTO `reportes` (`idReporte`, `archivo`) VALUES
(5, 0x3c3f786d6c2076657273696f6e3d22312e302220656e636f64696e673d225554462d38223f3e0a3c6a61737065725265706f727420786d6c6e733d22687474703a2f2f6a61737065727265706f7274732e736f75726365666f7267652e6e65742f6a61737065727265706f7274732220786d6c6e733a7873693d22687474703a2f2f7777772e77332e6f72672f323030312f584d4c536368656d612d696e7374616e636522207873693a736368656d614c6f636174696f6e3d22687474703a2f2f6a61737065727265706f7274732e736f75726365666f7267652e6e65742f6a61737065727265706f72747320687474703a2f2f6a61737065727265706f7274732e736f75726365666f7267652e6e65742f7873642f6a61737065727265706f72742e78736422206e616d653d227265706f7274206e616d6522207061676557696474683d223539352220706167654865696768743d223834322220636f6c756d6e57696474683d2235333522206c6566744d617267696e3d223230222072696768744d617267696e3d2232302220746f704d617267696e3d2232302220626f74746f6d4d617267696e3d2232302220757569643d2231376230333562332d613066312d346432382d626130362d623838353337643333643032223e0a093c70726f7065727479206e616d653d22697265706f72742e7a6f6f6d222076616c75653d22312e34363431303030303030303030303036222f3e0a093c70726f7065727479206e616d653d22697265706f72742e78222076616c75653d2230222f3e0a093c70726f7065727479206e616d653d22697265706f72742e79222076616c75653d2230222f3e0a093c706172616d65746572206e616d653d226964456d702220636c6173733d226a6176612e6c616e672e537472696e67223e0a09093c64656661756c7456616c756545787072657373696f6e3e3c215b43444154415b5d5d3e3c2f64656661756c7456616c756545787072657373696f6e3e0a093c2f706172616d657465723e0a093c706172616d65746572206e616d653d22666563686141636570742220636c6173733d226a6176612e6c616e672e537472696e67223e0a09093c64656661756c7456616c756545787072657373696f6e3e3c215b43444154415b5d5d3e3c2f64656661756c7456616c756545787072657373696f6e3e0a093c2f706172616d657465723e0a093c7175657279537472696e673e0a09093c215b43444154415b53454c4543542070656469646f732e6964456d702c434f554e542870656469646f732e6964456d70292041532070656469646f7265616c697a2c70656469646f732e666563686141636570742c5345435f544f5f54494d452853554d2854494d455f544f5f534543287469656d706f7472616e7363757272292929204153207469656d706f646574726162616a6f2c53554d28636174616c6f676f2e636f6d6973696f6e2920415320636f6d6973696f6e657367616e616461732c53554d28636174616c6f676f2e636f73746f41727265676c6f292a302e303120415320626f6e6f70726f6475632c53554d28636174616c6f676f2e636f6d6973696f6e292b53554d28636174616c6f676f2e636f73746f41727265676c6f292a302e30312041532067616e616e636961746f74616c2046524f4d2070656469646f7320494e4e4552204a4f494e20636174616c6f676f204f4e20636174616c6f676f2e696441727265676c6f3d70656469646f732e696441727265676c6f2057484552452070656469646f732e6964456d703d24507b6964456d707d2047524f5550204259206964456d702c666563686141636570745d5d3e0a093c2f7175657279537472696e673e0a093c6669656c64206e616d653d226964456d702220636c6173733d226a6176612e6c616e672e496e7465676572223e0a09093c6669656c644465736372697074696f6e3e3c215b43444154415b5d5d3e3c2f6669656c644465736372697074696f6e3e0a093c2f6669656c643e0a093c6669656c64206e616d653d2270656469646f7265616c697a2220636c6173733d226a6176612e6c616e672e4c6f6e67222f3e0a093c6669656c64206e616d653d22666563686141636570742220636c6173733d226a6176612e73716c2e44617465223e0a09093c6669656c644465736372697074696f6e3e3c215b43444154415b5d5d3e3c2f6669656c644465736372697074696f6e3e0a093c2f6669656c643e0a093c6669656c64206e616d653d227469656d706f646574726162616a6f2220636c6173733d226a6176612e73716c2e54696d65222f3e0a093c6669656c64206e616d653d22636f6d6973696f6e657367616e616461732220636c6173733d226a6176612e6c616e672e446f75626c65222f3e0a093c6669656c64206e616d653d22626f6e6f70726f6475632220636c6173733d226a6176612e6c616e672e446f75626c65222f3e0a093c6669656c64206e616d653d2267616e616e636961746f74616c2220636c6173733d226a6176612e6c616e672e446f75626c65222f3e0a093c6261636b67726f756e643e0a09093c62616e642073706c6974547970653d2253747265746368222f3e0a093c2f6261636b67726f756e643e0a093c7469746c653e0a09093c62616e64206865696768743d223739222073706c6974547970653d2253747265746368223e0a0909093c737461746963546578743e0a090909093c7265706f7274456c656d656e7420783d22302220793d2230222077696474683d2235353522206865696768743d2237392220757569643d2263636164353139652d353763662d343531392d396366652d326538363965313365336165222f3e0a090909093c74657874456c656d656e742074657874416c69676e6d656e743d2243656e7465722220766572746963616c416c69676e6d656e743d224d6964646c65223e0a09090909093c666f6e742073697a653d22333622206973426f6c643d2274727565222f3e0a090909093c2f74657874456c656d656e743e0a090909093c746578743e3c215b43444154415b5265706f727465206465206ec3b36d696e612064697365c3b161646f7265735d5d3e3c2f746578743e0a0909093c2f737461746963546578743e0a09093c2f62616e643e0a093c2f7469746c653e0a093c706167654865616465723e0a09093c62616e64206865696768743d223335222073706c6974547970653d2253747265746368222f3e0a093c2f706167654865616465723e0a093c636f6c756d6e4865616465723e0a09093c62616e64206865696768743d223631222073706c6974547970653d2253747265746368223e0a0909093c737461746963546578743e0a090909093c7265706f7274456c656d656e7420783d223439322220793d2230222077696474683d22363322206865696768743d2236312220757569643d2235306366353363362d633934332d343031342d383230342d316535616162323537656465222f3e0a090909093c74657874456c656d656e742074657874416c69676e6d656e743d2243656e7465722220766572746963616c416c69676e6d656e743d224d6964646c65223e0a09090909093c666f6e742073697a653d22313222206973426f6c643d2274727565222f3e0a090909093c2f74657874456c656d656e743e0a090909093c746578743e3c215b43444154415b47616e616e63696120546f74616c5d5d3e3c2f746578743e0a0909093c2f737461746963546578743e0a0909093c737461746963546578743e0a090909093c7265706f7274456c656d656e7420783d223431352220793d2230222077696474683d22373922206865696768743d2236312220757569643d2233333237653364612d316538302d346439642d393163342d366434313531306433663634222f3e0a090909093c74657874456c656d656e742074657874416c69676e6d656e743d2243656e7465722220766572746963616c416c69676e6d656e743d22426f74746f6d223e0a09090909093c666f6e742073697a653d22313222206973426f6c643d2274727565222f3e0a090909093c2f74657874456c656d656e743e0a090909093c746578743e3c215b43444154415b426f6e6f2064652070726f647563746976696461645d5d3e3c2f746578743e0a0909093c2f737461746963546578743e0a0909093c737461746963546578743e0a090909093c7265706f7274456c656d656e7420783d223235372220793d2230222077696474683d22383722206865696768743d2233352220757569643d2261396439363330642d333164612d346134332d383937312d383762656330643431373461222f3e0a090909093c74657874456c656d656e742074657874416c69676e6d656e743d2243656e7465722220766572746963616c416c69676e6d656e743d224d6964646c65223e0a09090909093c666f6e742073697a653d22313222206973426f6c643d2274727565222f3e0a090909093c2f74657874456c656d656e743e0a090909093c746578743e3c215b43444154415b5469656d706f2074726162616a61646f5d5d3e3c2f746578743e0a0909093c2f737461746963546578743e0a0909093c737461746963546578743e0a090909093c7265706f7274456c656d656e7420783d223135342220793d2230222077696474683d2231303322206865696768743d2236312220757569643d2262376133393464312d616333632d346331622d626136302d353766656365353165613563222f3e0a090909093c74657874456c656d656e742074657874416c69676e6d656e743d2243656e7465722220766572746963616c416c69676e6d656e743d224d6964646c65223e0a09090909093c666f6e742073697a653d22313222206973426f6c643d2274727565222f3e0a090909093c2f74657874456c656d656e743e0a090909093c746578743e3c215b43444154415b4665636861206465206163657074616369c3b36e5d5d3e3c2f746578743e0a0909093c2f737461746963546578743e0a0909093c737461746963546578743e0a090909093c7265706f7274456c656d656e7420783d2236312220793d2230222077696474683d22393322206865696768743d2236312220757569643d2238613063316536362d393339622d343231322d613933362d623533643666633838383833222f3e0a090909093c74657874456c656d656e742074657874416c69676e6d656e743d2243656e7465722220766572746963616c416c69676e6d656e743d224d6964646c65223e0a09090909093c666f6e742073697a653d22313222206973426f6c643d2274727565222f3e0a090909093c2f74657874456c656d656e743e0a090909093c746578743e3c215b43444154415b54726162616a6f73207265616c697a61646f735d5d3e3c2f746578743e0a0909093c2f737461746963546578743e0a0909093c737461746963546578743e0a090909093c7265706f7274456c656d656e7420783d223334342220793d2230222077696474683d22373122206865696768743d2236312220757569643d2234646261323534322d383838312d346563612d383932342d616632653332396232316337222f3e0a090909093c74657874456c656d656e742074657874416c69676e6d656e743d2243656e7465722220766572746963616c416c69676e6d656e743d224d6964646c65223e0a09090909093c666f6e742073697a653d22313222206973426f6c643d2274727565222f3e0a090909093c2f74657874456c656d656e743e0a090909093c746578743e3c215b43444154415b436f6d6973696f6e65732067616e616461735d5d3e3c2f746578743e0a0909093c2f737461746963546578743e0a0909093c737461746963546578743e0a090909093c7265706f7274456c656d656e7420783d22302220793d2230222077696474683d22363122206865696768743d2236312220757569643d2232613436343234622d636134642d346262332d393035302d663863383136303739346163222f3e0a090909093c74657874456c656d656e742074657874416c69676e6d656e743d2243656e7465722220766572746963616c416c69676e6d656e743d224d6964646c65223e0a09090909093c666f6e742073697a653d22313222206973426f6c643d2274727565222f3e0a090909093c2f74657874456c656d656e743e0a090909093c746578743e3c215b43444154415b49442044697365c3b161646f725d5d3e3c2f746578743e0a0909093c2f737461746963546578743e0a0909093c737461746963546578743e0a090909093c7265706f7274456c656d656e7420783d223235372220793d223335222077696474683d22323822206865696768743d2232362220757569643d2237386266656162392d353766382d343339392d613065392d646231393935313733613235222f3e0a090909093c74657874456c656d656e742074657874416c69676e6d656e743d2243656e7465722220766572746963616c416c69676e6d656e743d224d6964646c65223e0a09090909093c666f6e74206973426f6c643d2274727565222f3e0a090909093c2f74657874456c656d656e743e0a090909093c746578743e3c215b43444154415b4872735d5d3e3c2f746578743e0a0909093c2f737461746963546578743e0a0909093c737461746963546578743e0a090909093c7265706f7274456c656d656e7420783d223238352220793d223335222077696474683d22323922206865696768743d2232362220757569643d2235373635353431312d323563392d343866362d616238612d323438303132306264326232222f3e0a090909093c74657874456c656d656e742074657874416c69676e6d656e743d2243656e7465722220766572746963616c416c69676e6d656e743d224d6964646c65223e0a09090909093c666f6e74206973426f6c643d2274727565222f3e0a090909093c2f74657874456c656d656e743e0a090909093c746578743e3c215b43444154415b4d696e735d5d3e3c2f746578743e0a0909093c2f737461746963546578743e0a0909093c737461746963546578743e0a090909093c7265706f7274456c656d656e7420783d223331342220793d223335222077696474683d22333022206865696768743d2232362220757569643d2236313039396566322d363238382d343764362d626363312d663830343666633563363265222f3e0a090909093c74657874456c656d656e742074657874416c69676e6d656e743d2243656e7465722220766572746963616c416c69676e6d656e743d224d6964646c65223e0a09090909093c666f6e74206973426f6c643d2274727565222f3e0a090909093c2f74657874456c656d656e743e0a090909093c746578743e3c215b43444154415b536567735d5d3e3c2f746578743e0a0909093c2f737461746963546578743e0a09093c2f62616e643e0a093c2f636f6c756d6e4865616465723e0a093c64657461696c3e0a09093c62616e64206865696768743d22313235222073706c6974547970653d2253747265746368223e0a0909093c746578744669656c643e0a090909093c7265706f7274456c656d656e7420783d223431352220793d2230222077696474683d22373722206865696768743d2232302220757569643d2234306231376433312d626266352d343937372d383537662d623066343665383135346632222f3e0a090909093c74657874456c656d656e742074657874416c69676e6d656e743d2243656e7465722220766572746963616c416c69676e6d656e743d224d6964646c65222f3e0a090909093c746578744669656c6445787072657373696f6e3e3c215b43444154415b24467b626f6e6f70726f6475637d5d5d3e3c2f746578744669656c6445787072657373696f6e3e0a0909093c2f746578744669656c643e0a0909093c746578744669656c643e0a090909093c7265706f7274456c656d656e7420783d223439342220793d2230222077696474683d22363322206865696768743d2232302220757569643d2231363735333730362d383936312d343566392d393462612d373133316335363736386133222f3e0a090909093c74657874456c656d656e742074657874416c69676e6d656e743d2243656e7465722220766572746963616c416c69676e6d656e743d224d6964646c65222f3e0a090909093c746578744669656c6445787072657373696f6e3e3c215b43444154415b24467b67616e616e636961746f74616c7d5d5d3e3c2f746578744669656c6445787072657373696f6e3e0a0909093c2f746578744669656c643e0a0909093c746578744669656c643e0a090909093c7265706f7274456c656d656e7420783d223334342220793d2230222077696474683d22373122206865696768743d2232302220757569643d2264623133386364332d366532322d343836382d616665652d663861393164363066343535222f3e0a090909093c74657874456c656d656e742074657874416c69676e6d656e743d2243656e7465722220766572746963616c416c69676e6d656e743d224d6964646c65222f3e0a090909093c746578744669656c6445787072657373696f6e3e3c215b43444154415b24467b636f6d6973696f6e657367616e616461737d5d5d3e3c2f746578744669656c6445787072657373696f6e3e0a0909093c2f746578744669656c643e0a0909093c746578744669656c643e0a090909093c7265706f7274456c656d656e7420783d223135342220793d2230222077696474683d2231303322206865696768743d2232302220757569643d2237396661313434352d323762382d343365302d383830652d303531376234663636353066222f3e0a090909093c74657874456c656d656e742074657874416c69676e6d656e743d2243656e7465722220766572746963616c416c69676e6d656e743d224d6964646c65222f3e0a090909093c746578744669656c6445787072657373696f6e3e3c215b43444154415b24467b666563686141636570747d2e746f537472696e6728295d5d3e3c2f746578744669656c6445787072657373696f6e3e0a0909093c2f746578744669656c643e0a0909093c746578744669656c643e0a090909093c7265706f7274456c656d656e7420783d2236312220793d2230222077696474683d22393322206865696768743d2232302220757569643d2236353736343831652d643336622d346333372d623466622d346633373536396562623561222f3e0a090909093c74657874456c656d656e742074657874416c69676e6d656e743d2243656e7465722220766572746963616c416c69676e6d656e743d224d6964646c65222f3e0a090909093c746578744669656c6445787072657373696f6e3e3c215b43444154415b24467b70656469646f7265616c697a7d5d5d3e3c2f746578744669656c6445787072657373696f6e3e0a0909093c2f746578744669656c643e0a0909093c746578744669656c643e0a090909093c7265706f7274456c656d656e7420783d22302220793d2230222077696474683d22363122206865696768743d2232302220757569643d2231383834376162332d633865662d343237352d393762332d656636336633323132663431222f3e0a090909093c74657874456c656d656e742074657874416c69676e6d656e743d2243656e7465722220766572746963616c416c69676e6d656e743d224d6964646c65222f3e0a090909093c746578744669656c6445787072657373696f6e3e3c215b43444154415b24467b6964456d707d5d5d3e3c2f746578744669656c6445787072657373696f6e3e0a0909093c2f746578744669656c643e0a0909093c746578744669656c643e0a090909093c7265706f7274456c656d656e7420783d223235372220793d2230222077696474683d22323822206865696768743d2232302220757569643d2234613936636438362d633363342d346564342d386430372d316463383263646630386431222f3e0a090909093c74657874456c656d656e742074657874416c69676e6d656e743d2243656e7465722220766572746963616c416c69676e6d656e743d224d6964646c65222f3e0a090909093c746578744669656c6445787072657373696f6e3e3c215b43444154415b24467b7469656d706f646574726162616a6f7d2e676574486f75727328295d5d3e3c2f746578744669656c6445787072657373696f6e3e0a0909093c2f746578744669656c643e0a0909093c746578744669656c643e0a090909093c7265706f7274456c656d656e7420783d223238352220793d2230222077696474683d22323922206865696768743d2232302220757569643d2235666365303739622d663938622d343765662d383262642d623138303032303532656630222f3e0a090909093c74657874456c656d656e742074657874416c69676e6d656e743d2243656e7465722220766572746963616c416c69676e6d656e743d224d6964646c65222f3e0a090909093c746578744669656c6445787072657373696f6e3e3c215b43444154415b24467b7469656d706f646574726162616a6f7d2e6765744d696e7574657328295d5d3e3c2f746578744669656c6445787072657373696f6e3e0a0909093c2f746578744669656c643e0a0909093c746578744669656c643e0a090909093c7265706f7274456c656d656e7420783d223331342220793d2230222077696474683d22333022206865696768743d2232302220757569643d2261343863326530652d376338642d343864342d393266312d383030353130396131653162222f3e0a090909093c74657874456c656d656e742074657874416c69676e6d656e743d2243656e7465722220766572746963616c416c69676e6d656e743d224d6964646c65222f3e0a090909093c746578744669656c6445787072657373696f6e3e3c215b43444154415b24467b7469656d706f646574726162616a6f7d2e6765745365636f6e647328295d5d3e3c2f746578744669656c6445787072657373696f6e3e0a0909093c2f746578744669656c643e0a09093c2f62616e643e0a093c2f64657461696c3e0a093c636f6c756d6e466f6f7465723e0a09093c62616e64206865696768743d223435222073706c6974547970653d2253747265746368222f3e0a093c2f636f6c756d6e466f6f7465723e0a093c70616765466f6f7465723e0a09093c62616e64206865696768743d223534222073706c6974547970653d2253747265746368222f3e0a093c2f70616765466f6f7465723e0a093c73756d6d6172793e0a09093c62616e64206865696768743d223432222073706c6974547970653d2253747265746368223e0a0909093c746578744669656c643e0a090909093c7265706f7274456c656d656e7420783d223433352220793d223232222077696474683d22383022206865696768743d2232302220757569643d2236366634376666612d613166312d343136612d386665372d363564656134363364363461222f3e0a090909093c74657874456c656d656e742074657874416c69676e6d656e743d225269676874222f3e0a090909093c746578744669656c6445787072657373696f6e3e3c215b43444154415b225061676520222b24567b504147455f4e554d4245527d2b22206f66225d5d3e3c2f746578744669656c6445787072657373696f6e3e0a0909093c2f746578744669656c643e0a0909093c746578744669656c64206576616c756174696f6e54696d653d225265706f7274223e0a090909093c7265706f7274456c656d656e7420783d223531352220793d223232222077696474683d22343022206865696768743d2232302220757569643d2239666231356337652d356261642d346632382d393063352d393439383934333162313939222f3e0a090909093c746578744669656c6445787072657373696f6e3e3c215b43444154415b222022202b2024567b504147455f4e554d4245527d5d5d3e3c2f746578744669656c6445787072657373696f6e3e0a0909093c2f746578744669656c643e0a09093c2f62616e643e0a093c2f73756d6d6172793e0a3c2f6a61737065725265706f72743e0a),
(13, 0x3c3f786d6c2076657273696f6e3d22312e302220656e636f64696e673d225554462d38223f3e0a3c6a61737065725265706f727420786d6c6e733d22687474703a2f2f6a61737065727265706f7274732e736f75726365666f7267652e6e65742f6a61737065727265706f7274732220786d6c6e733a7873693d22687474703a2f2f7777772e77332e6f72672f323030312f584d4c536368656d612d696e7374616e636522207873693a736368656d614c6f636174696f6e3d22687474703a2f2f6a61737065727265706f7274732e736f75726365666f7267652e6e65742f6a61737065727265706f72747320687474703a2f2f6a61737065727265706f7274732e736f75726365666f7267652e6e65742f7873642f6a61737065727265706f72742e78736422206e616d653d227265706f7274206e616d6522207061676557696474683d223539352220706167654865696768743d223834322220636f6c756d6e57696474683d2235333522206c6566744d617267696e3d223230222072696768744d617267696e3d2232302220746f704d617267696e3d2232302220626f74746f6d4d617267696e3d2232302220757569643d2231376230333562332d613066312d346432382d626130362d623838353337643333643032223e0a093c70726f7065727479206e616d653d22697265706f72742e7a6f6f6d222076616c75653d22312e34363431303030303030303030303036222f3e0a093c70726f7065727479206e616d653d22697265706f72742e78222076616c75653d2230222f3e0a093c70726f7065727479206e616d653d22697265706f72742e79222076616c75653d2230222f3e0a093c706172616d65746572206e616d653d226964456d702220636c6173733d226a6176612e6c616e672e537472696e67223e0a09093c64656661756c7456616c756545787072657373696f6e3e3c215b43444154415b5d5d3e3c2f64656661756c7456616c756545787072657373696f6e3e0a093c2f706172616d657465723e0a093c706172616d65746572206e616d653d22666563686141636570742220636c6173733d226a6176612e6c616e672e537472696e67223e0a09093c64656661756c7456616c756545787072657373696f6e3e3c215b43444154415b5d5d3e3c2f64656661756c7456616c756545787072657373696f6e3e0a093c2f706172616d657465723e0a093c7175657279537472696e673e0a09093c215b43444154415b53454c4543542070656469646f732e6964456d702c434f554e542870656469646f732e6964456d70292041532070656469646f7265616c697a2c70656469646f732e666563686141636570742c5345435f544f5f54494d452853554d2854494d455f544f5f534543287469656d706f7472616e7363757272292929204153207469656d706f646574726162616a6f2c53554d28636174616c6f676f2e636f6d6973696f6e2920415320636f6d6973696f6e657367616e616461732c53554d28636174616c6f676f2e636f73746f41727265676c6f292a302e303120415320626f6e6f70726f6475632c53554d28636174616c6f676f2e636f6d6973696f6e292b53554d28636174616c6f676f2e636f73746f41727265676c6f292a302e30312041532067616e616e636961746f74616c2046524f4d2070656469646f7320494e4e4552204a4f494e20636174616c6f676f204f4e20636174616c6f676f2e696441727265676c6f3d70656469646f732e696441727265676c6f2057484552452070656469646f732e6964456d703d24507b6964456d707d2047524f5550204259206964456d702c666563686141636570745d5d3e0a093c2f7175657279537472696e673e0a093c6669656c64206e616d653d226964456d702220636c6173733d226a6176612e6c616e672e496e7465676572223e0a09093c6669656c644465736372697074696f6e3e3c215b43444154415b5d5d3e3c2f6669656c644465736372697074696f6e3e0a093c2f6669656c643e0a093c6669656c64206e616d653d2270656469646f7265616c697a2220636c6173733d226a6176612e6c616e672e4c6f6e67222f3e0a093c6669656c64206e616d653d22666563686141636570742220636c6173733d226a6176612e73716c2e44617465223e0a09093c6669656c644465736372697074696f6e3e3c215b43444154415b5d5d3e3c2f6669656c644465736372697074696f6e3e0a093c2f6669656c643e0a093c6669656c64206e616d653d227469656d706f646574726162616a6f2220636c6173733d226a6176612e73716c2e54696d65222f3e0a093c6669656c64206e616d653d22636f6d6973696f6e657367616e616461732220636c6173733d226a6176612e6c616e672e446f75626c65222f3e0a093c6669656c64206e616d653d22626f6e6f70726f6475632220636c6173733d226a6176612e6c616e672e446f75626c65222f3e0a093c6669656c64206e616d653d2267616e616e636961746f74616c2220636c6173733d226a6176612e6c616e672e446f75626c65222f3e0a093c6261636b67726f756e643e0a09093c62616e642073706c6974547970653d2253747265746368222f3e0a093c2f6261636b67726f756e643e0a093c7469746c653e0a09093c62616e64206865696768743d223739222073706c6974547970653d2253747265746368223e0a0909093c737461746963546578743e0a090909093c7265706f7274456c656d656e7420783d22302220793d2230222077696474683d2235353522206865696768743d2237392220757569643d2263636164353139652d353763662d343531392d396366652d326538363965313365336165222f3e0a090909093c74657874456c656d656e742074657874416c69676e6d656e743d2243656e7465722220766572746963616c416c69676e6d656e743d224d6964646c65223e0a09090909093c666f6e742073697a653d22333622206973426f6c643d2274727565222f3e0a090909093c2f74657874456c656d656e743e0a090909093c746578743e3c215b43444154415b5265706f727465206465206ec3b36d696e612064697365c3b161646f7265735d5d3e3c2f746578743e0a0909093c2f737461746963546578743e0a09093c2f62616e643e0a093c2f7469746c653e0a093c706167654865616465723e0a09093c62616e64206865696768743d223335222073706c6974547970653d2253747265746368222f3e0a093c2f706167654865616465723e0a093c636f6c756d6e4865616465723e0a09093c62616e64206865696768743d223631222073706c6974547970653d2253747265746368223e0a0909093c737461746963546578743e0a090909093c7265706f7274456c656d656e7420783d223439322220793d2230222077696474683d22363322206865696768743d2236312220757569643d2235306366353363362d633934332d343031342d383230342d316535616162323537656465222f3e0a090909093c74657874456c656d656e742074657874416c69676e6d656e743d2243656e7465722220766572746963616c416c69676e6d656e743d224d6964646c65223e0a09090909093c666f6e742073697a653d22313222206973426f6c643d2274727565222f3e0a090909093c2f74657874456c656d656e743e0a090909093c746578743e3c215b43444154415b47616e616e63696120546f74616c5d5d3e3c2f746578743e0a0909093c2f737461746963546578743e0a0909093c737461746963546578743e0a090909093c7265706f7274456c656d656e7420783d223431352220793d2230222077696474683d22373922206865696768743d2236312220757569643d2233333237653364612d316538302d346439642d393163342d366434313531306433663634222f3e0a090909093c74657874456c656d656e742074657874416c69676e6d656e743d2243656e7465722220766572746963616c416c69676e6d656e743d22426f74746f6d223e0a09090909093c666f6e742073697a653d22313222206973426f6c643d2274727565222f3e0a090909093c2f74657874456c656d656e743e0a090909093c746578743e3c215b43444154415b426f6e6f2064652070726f647563746976696461645d5d3e3c2f746578743e0a0909093c2f737461746963546578743e0a0909093c737461746963546578743e0a090909093c7265706f7274456c656d656e7420783d223235372220793d2230222077696474683d22383722206865696768743d2233352220757569643d2261396439363330642d333164612d346134332d383937312d383762656330643431373461222f3e0a090909093c74657874456c656d656e742074657874416c69676e6d656e743d2243656e7465722220766572746963616c416c69676e6d656e743d224d6964646c65223e0a09090909093c666f6e742073697a653d22313222206973426f6c643d2274727565222f3e0a090909093c2f74657874456c656d656e743e0a090909093c746578743e3c215b43444154415b5469656d706f2074726162616a61646f5d5d3e3c2f746578743e0a0909093c2f737461746963546578743e0a0909093c737461746963546578743e0a090909093c7265706f7274456c656d656e7420783d223135342220793d2230222077696474683d2231303322206865696768743d2236312220757569643d2262376133393464312d616333632d346331622d626136302d353766656365353165613563222f3e0a090909093c74657874456c656d656e742074657874416c69676e6d656e743d2243656e7465722220766572746963616c416c69676e6d656e743d224d6964646c65223e0a09090909093c666f6e742073697a653d22313222206973426f6c643d2274727565222f3e0a090909093c2f74657874456c656d656e743e0a090909093c746578743e3c215b43444154415b4665636861206465206163657074616369c3b36e5d5d3e3c2f746578743e0a0909093c2f737461746963546578743e0a0909093c737461746963546578743e0a090909093c7265706f7274456c656d656e7420783d2236312220793d2230222077696474683d22393322206865696768743d2236312220757569643d2238613063316536362d393339622d343231322d613933362d623533643666633838383833222f3e0a090909093c74657874456c656d656e742074657874416c69676e6d656e743d2243656e7465722220766572746963616c416c69676e6d656e743d224d6964646c65223e0a09090909093c666f6e742073697a653d22313222206973426f6c643d2274727565222f3e0a090909093c2f74657874456c656d656e743e0a090909093c746578743e3c215b43444154415b54726162616a6f73207265616c697a61646f735d5d3e3c2f746578743e0a0909093c2f737461746963546578743e0a0909093c737461746963546578743e0a090909093c7265706f7274456c656d656e7420783d223334342220793d2230222077696474683d22373122206865696768743d2236312220757569643d2234646261323534322d383838312d346563612d383932342d616632653332396232316337222f3e0a090909093c74657874456c656d656e742074657874416c69676e6d656e743d2243656e7465722220766572746963616c416c69676e6d656e743d224d6964646c65223e0a09090909093c666f6e742073697a653d22313222206973426f6c643d2274727565222f3e0a090909093c2f74657874456c656d656e743e0a090909093c746578743e3c215b43444154415b436f6d6973696f6e65732067616e616461735d5d3e3c2f746578743e0a0909093c2f737461746963546578743e0a0909093c737461746963546578743e0a090909093c7265706f7274456c656d656e7420783d22302220793d2230222077696474683d22363122206865696768743d2236312220757569643d2232613436343234622d636134642d346262332d393035302d663863383136303739346163222f3e0a090909093c74657874456c656d656e742074657874416c69676e6d656e743d2243656e7465722220766572746963616c416c69676e6d656e743d224d6964646c65223e0a09090909093c666f6e742073697a653d22313222206973426f6c643d2274727565222f3e0a090909093c2f74657874456c656d656e743e0a090909093c746578743e3c215b43444154415b49442044697365c3b161646f725d5d3e3c2f746578743e0a0909093c2f737461746963546578743e0a0909093c737461746963546578743e0a090909093c7265706f7274456c656d656e7420783d223235372220793d223335222077696474683d22323822206865696768743d2232362220757569643d2237386266656162392d353766382d343339392d613065392d646231393935313733613235222f3e0a090909093c74657874456c656d656e742074657874416c69676e6d656e743d2243656e7465722220766572746963616c416c69676e6d656e743d224d6964646c65223e0a09090909093c666f6e74206973426f6c643d2274727565222f3e0a090909093c2f74657874456c656d656e743e0a090909093c746578743e3c215b43444154415b4872735d5d3e3c2f746578743e0a0909093c2f737461746963546578743e0a0909093c737461746963546578743e0a090909093c7265706f7274456c656d656e7420783d223238352220793d223335222077696474683d22323922206865696768743d2232362220757569643d2235373635353431312d323563392d343866362d616238612d323438303132306264326232222f3e0a090909093c74657874456c656d656e742074657874416c69676e6d656e743d2243656e7465722220766572746963616c416c69676e6d656e743d224d6964646c65223e0a09090909093c666f6e74206973426f6c643d2274727565222f3e0a090909093c2f74657874456c656d656e743e0a090909093c746578743e3c215b43444154415b4d696e735d5d3e3c2f746578743e0a0909093c2f737461746963546578743e0a0909093c737461746963546578743e0a090909093c7265706f7274456c656d656e7420783d223331342220793d223335222077696474683d22333022206865696768743d2232362220757569643d2236313039396566322d363238382d343764362d626363312d663830343666633563363265222f3e0a090909093c74657874456c656d656e742074657874416c69676e6d656e743d2243656e7465722220766572746963616c416c69676e6d656e743d224d6964646c65223e0a09090909093c666f6e74206973426f6c643d2274727565222f3e0a090909093c2f74657874456c656d656e743e0a090909093c746578743e3c215b43444154415b536567735d5d3e3c2f746578743e0a0909093c2f737461746963546578743e0a09093c2f62616e643e0a093c2f636f6c756d6e4865616465723e0a093c64657461696c3e0a09093c62616e64206865696768743d22313235222073706c6974547970653d2253747265746368223e0a0909093c746578744669656c643e0a090909093c7265706f7274456c656d656e7420783d223431352220793d2230222077696474683d22373722206865696768743d2232302220757569643d2234306231376433312d626266352d343937372d383537662d623066343665383135346632222f3e0a090909093c74657874456c656d656e742074657874416c69676e6d656e743d2243656e7465722220766572746963616c416c69676e6d656e743d224d6964646c65222f3e0a090909093c746578744669656c6445787072657373696f6e3e3c215b43444154415b24467b626f6e6f70726f6475637d5d5d3e3c2f746578744669656c6445787072657373696f6e3e0a0909093c2f746578744669656c643e0a0909093c746578744669656c643e0a090909093c7265706f7274456c656d656e7420783d223439342220793d2230222077696474683d22363322206865696768743d2232302220757569643d2231363735333730362d383936312d343566392d393462612d373133316335363736386133222f3e0a090909093c74657874456c656d656e742074657874416c69676e6d656e743d2243656e7465722220766572746963616c416c69676e6d656e743d224d6964646c65222f3e0a090909093c746578744669656c6445787072657373696f6e3e3c215b43444154415b24467b67616e616e636961746f74616c7d5d5d3e3c2f746578744669656c6445787072657373696f6e3e0a0909093c2f746578744669656c643e0a0909093c746578744669656c643e0a090909093c7265706f7274456c656d656e7420783d223334342220793d2230222077696474683d22373122206865696768743d2232302220757569643d2264623133386364332d366532322d343836382d616665652d663861393164363066343535222f3e0a090909093c74657874456c656d656e742074657874416c69676e6d656e743d2243656e7465722220766572746963616c416c69676e6d656e743d224d6964646c65222f3e0a090909093c746578744669656c6445787072657373696f6e3e3c215b43444154415b24467b636f6d6973696f6e657367616e616461737d5d5d3e3c2f746578744669656c6445787072657373696f6e3e0a0909093c2f746578744669656c643e0a0909093c746578744669656c643e0a090909093c7265706f7274456c656d656e7420783d223135342220793d2230222077696474683d2231303322206865696768743d2232302220757569643d2237396661313434352d323762382d343365302d383830652d303531376234663636353066222f3e0a090909093c74657874456c656d656e742074657874416c69676e6d656e743d2243656e7465722220766572746963616c416c69676e6d656e743d224d6964646c65222f3e0a090909093c746578744669656c6445787072657373696f6e3e3c215b43444154415b24467b666563686141636570747d2e746f537472696e6728295d5d3e3c2f746578744669656c6445787072657373696f6e3e0a0909093c2f746578744669656c643e0a0909093c746578744669656c643e0a090909093c7265706f7274456c656d656e7420783d2236312220793d2230222077696474683d22393322206865696768743d2232302220757569643d2236353736343831652d643336622d346333372d623466622d346633373536396562623561222f3e0a090909093c74657874456c656d656e742074657874416c69676e6d656e743d2243656e7465722220766572746963616c416c69676e6d656e743d224d6964646c65222f3e0a090909093c746578744669656c6445787072657373696f6e3e3c215b43444154415b24467b70656469646f7265616c697a7d5d5d3e3c2f746578744669656c6445787072657373696f6e3e0a0909093c2f746578744669656c643e0a0909093c746578744669656c643e0a090909093c7265706f7274456c656d656e7420783d22302220793d2230222077696474683d22363122206865696768743d2232302220757569643d2231383834376162332d633865662d343237352d393762332d656636336633323132663431222f3e0a090909093c74657874456c656d656e742074657874416c69676e6d656e743d2243656e7465722220766572746963616c416c69676e6d656e743d224d6964646c65222f3e0a090909093c746578744669656c6445787072657373696f6e3e3c215b43444154415b24467b6964456d707d5d5d3e3c2f746578744669656c6445787072657373696f6e3e0a0909093c2f746578744669656c643e0a0909093c746578744669656c643e0a090909093c7265706f7274456c656d656e7420783d223235372220793d2230222077696474683d22323822206865696768743d2232302220757569643d2234613936636438362d633363342d346564342d386430372d316463383263646630386431222f3e0a090909093c74657874456c656d656e742074657874416c69676e6d656e743d2243656e7465722220766572746963616c416c69676e6d656e743d224d6964646c65222f3e0a090909093c746578744669656c6445787072657373696f6e3e3c215b43444154415b24467b7469656d706f646574726162616a6f7d2e676574486f75727328295d5d3e3c2f746578744669656c6445787072657373696f6e3e0a0909093c2f746578744669656c643e0a0909093c746578744669656c643e0a090909093c7265706f7274456c656d656e7420783d223238352220793d2230222077696474683d22323922206865696768743d2232302220757569643d2235666365303739622d663938622d343765662d383262642d623138303032303532656630222f3e0a090909093c74657874456c656d656e742074657874416c69676e6d656e743d2243656e7465722220766572746963616c416c69676e6d656e743d224d6964646c65222f3e0a090909093c746578744669656c6445787072657373696f6e3e3c215b43444154415b24467b7469656d706f646574726162616a6f7d2e6765744d696e7574657328295d5d3e3c2f746578744669656c6445787072657373696f6e3e0a0909093c2f746578744669656c643e0a0909093c746578744669656c643e0a090909093c7265706f7274456c656d656e7420783d223331342220793d2230222077696474683d22333022206865696768743d2232302220757569643d2261343863326530652d376338642d343864342d393266312d383030353130396131653162222f3e0a090909093c74657874456c656d656e742074657874416c69676e6d656e743d2243656e7465722220766572746963616c416c69676e6d656e743d224d6964646c65222f3e0a090909093c746578744669656c6445787072657373696f6e3e3c215b43444154415b24467b7469656d706f646574726162616a6f7d2e6765745365636f6e647328295d5d3e3c2f746578744669656c6445787072657373696f6e3e0a0909093c2f746578744669656c643e0a09093c2f62616e643e0a093c2f64657461696c3e0a093c636f6c756d6e466f6f7465723e0a09093c62616e64206865696768743d223435222073706c6974547970653d2253747265746368222f3e0a093c2f636f6c756d6e466f6f7465723e0a093c70616765466f6f7465723e0a09093c62616e64206865696768743d223534222073706c6974547970653d2253747265746368222f3e0a093c2f70616765466f6f7465723e0a093c73756d6d6172793e0a09093c62616e64206865696768743d223432222073706c6974547970653d2253747265746368223e0a0909093c746578744669656c643e0a090909093c7265706f7274456c656d656e7420783d223433352220793d223232222077696474683d22383022206865696768743d2232302220757569643d2236366634376666612d613166312d343136612d386665372d363564656134363364363461222f3e0a090909093c74657874456c656d656e742074657874416c69676e6d656e743d225269676874222f3e0a090909093c746578744669656c6445787072657373696f6e3e3c215b43444154415b225061676520222b24567b504147455f4e554d4245527d2b22206f66225d5d3e3c2f746578744669656c6445787072657373696f6e3e0a0909093c2f746578744669656c643e0a0909093c746578744669656c64206576616c756174696f6e54696d653d225265706f7274223e0a090909093c7265706f7274456c656d656e7420783d223531352220793d223232222077696474683d22343022206865696768743d2232302220757569643d2239666231356337652d356261642d346632382d393063352d393439383934333162313939222f3e0a090909093c746578744669656c6445787072657373696f6e3e3c215b43444154415b222022202b2024567b504147455f4e554d4245527d5d5d3e3c2f746578744669656c6445787072657373696f6e3e0a0909093c2f746578744669656c643e0a09093c2f62616e643e0a093c2f73756d6d6172793e0a3c2f6a61737065725265706f72743e0a);

-- --------------------------------------------------------

--
-- Estructura de tabla para la tabla `tipo_usuario`
--

CREATE TABLE `tipo_usuario` (
  `idPuesto` int(11) NOT NULL,
  `nombreTipoUser` varchar(15) NOT NULL
) ENGINE=InnoDB DEFAULT CHARSET=utf8mb4 COLLATE=utf8mb4_general_ci;

--
-- Volcado de datos para la tabla `tipo_usuario`
--

INSERT INTO `tipo_usuario` (`idPuesto`, `nombreTipoUser`) VALUES
(1, 'Administrador'),
(2, 'Disenador'),
(3, 'Supervisor');

--
-- Índices para tablas volcadas
--

--
-- Indices de la tabla `catalogo`
--
ALTER TABLE `catalogo`
  ADD PRIMARY KEY (`idArreglo`);

--
-- Indices de la tabla `empleados`
--
ALTER TABLE `empleados`
  ADD PRIMARY KEY (`idEmpleado`),
  ADD UNIQUE KEY `user` (`user`),
  ADD KEY `idPuesto` (`idPuesto`);

--
-- Indices de la tabla `pedidos`
--
ALTER TABLE `pedidos`
  ADD PRIMARY KEY (`idPedido`),
  ADD KEY `idArreglo` (`idArreglo`),
  ADD KEY `idEmp` (`idEmp`);

--
-- Indices de la tabla `reportes`
--
ALTER TABLE `reportes`
  ADD PRIMARY KEY (`idReporte`);

--
-- Indices de la tabla `tipo_usuario`
--
ALTER TABLE `tipo_usuario`
  ADD PRIMARY KEY (`idPuesto`);

--
-- AUTO_INCREMENT de las tablas volcadas
--

--
-- AUTO_INCREMENT de la tabla `catalogo`
--
ALTER TABLE `catalogo`
  MODIFY `idArreglo` int(11) NOT NULL AUTO_INCREMENT, AUTO_INCREMENT=5;

--
-- AUTO_INCREMENT de la tabla `empleados`
--
ALTER TABLE `empleados`
  MODIFY `idEmpleado` int(11) NOT NULL AUTO_INCREMENT, AUTO_INCREMENT=9;

--
-- AUTO_INCREMENT de la tabla `pedidos`
--
ALTER TABLE `pedidos`
  MODIFY `idPedido` int(11) NOT NULL AUTO_INCREMENT, AUTO_INCREMENT=7;

--
-- AUTO_INCREMENT de la tabla `reportes`
--
ALTER TABLE `reportes`
  MODIFY `idReporte` int(11) NOT NULL AUTO_INCREMENT, AUTO_INCREMENT=14;

--
-- AUTO_INCREMENT de la tabla `tipo_usuario`
--
ALTER TABLE `tipo_usuario`
  MODIFY `idPuesto` int(11) NOT NULL AUTO_INCREMENT, AUTO_INCREMENT=4;

--
-- Restricciones para tablas volcadas
--

--
-- Filtros para la tabla `empleados`
--
ALTER TABLE `empleados`
  ADD CONSTRAINT `empleados_ibfk_1` FOREIGN KEY (`idPuesto`) REFERENCES `tipo_usuario` (`idPuesto`);

--
-- Filtros para la tabla `pedidos`
--
ALTER TABLE `pedidos`
  ADD CONSTRAINT `pedidos_ibfk_1` FOREIGN KEY (`idEmp`) REFERENCES `empleados` (`idEmpleado`),
  ADD CONSTRAINT `pedidos_ibfk_2` FOREIGN KEY (`idArreglo`) REFERENCES `catalogo` (`idArreglo`);
COMMIT;

/*!40101 SET CHARACTER_SET_CLIENT=@OLD_CHARACTER_SET_CLIENT */;
/*!40101 SET CHARACTER_SET_RESULTS=@OLD_CHARACTER_SET_RESULTS */;
/*!40101 SET COLLATION_CONNECTION=@OLD_COLLATION_CONNECTION */;
